-- =====================
-- CHEST (00000001)
-- =====================
INSERT INTO exercise (id, name, movement_pattern, category, difficulty)
VALUES ('00000001-0000-0000-0000-000000000001', 'Barbell Bench Press', 'PUSH', 'STRENGTH', 'INTERMEDIATE'),
       ('00000001-0000-0000-0000-000000000002', 'Incline Barbell Bench Press', 'PUSH', 'STRENGTH', 'INTERMEDIATE'),
       ('00000001-0000-0000-0000-000000000003', 'Decline Barbell Bench Press', 'PUSH', 'STRENGTH', 'INTERMEDIATE'),
       ('00000001-0000-0000-0000-000000000004', 'Dumbbell Bench Press', 'PUSH', 'STRENGTH', 'BEGINNER'),
       ('00000001-0000-0000-0000-000000000005', 'Incline Dumbbell Bench Press', 'PUSH', 'STRENGTH', 'BEGINNER'),
       ('00000001-0000-0000-0000-000000000006', 'Dumbbell Flye', 'PUSH', 'STRENGTH', 'BEGINNER'),
       ('00000001-0000-0000-0000-000000000007', 'Cable Crossover', 'PUSH', 'STRENGTH', 'BEGINNER'),
       ('00000001-0000-0000-0000-000000000008', 'Push-Up', 'PUSH', 'STRENGTH', 'BEGINNER'),
       ('00000001-0000-0000-0000-000000000009', 'Dip', 'PUSH', 'STRENGTH', 'INTERMEDIATE'),
       ('00000001-0000-0000-0000-000000000010', 'Pec Deck', 'PUSH', 'STRENGTH', 'BEGINNER');

INSERT INTO exercise_target_muscle_groups (exercise_id, muscle_group)
VALUES ('00000001-0000-0000-0000-000000000001', 'CHEST'),
       ('00000001-0000-0000-0000-000000000002', 'CHEST'),
       ('00000001-0000-0000-0000-000000000003', 'CHEST'),
       ('00000001-0000-0000-0000-000000000004', 'CHEST'),
       ('00000001-0000-0000-0000-000000000005', 'CHEST'),
       ('00000001-0000-0000-0000-000000000006', 'CHEST'),
       ('00000001-0000-0000-0000-000000000007', 'CHEST'),
       ('00000001-0000-0000-0000-000000000008', 'CHEST'),
       ('00000001-0000-0000-0000-000000000009', 'CHEST'),
       ('00000001-0000-0000-0000-000000000010', 'CHEST');

INSERT INTO exercise_secondary_muscle_groups (exercise_id, muscle_group)
VALUES ('00000001-0000-0000-0000-000000000001', 'TRICEPS'),
       ('00000001-0000-0000-0000-000000000001', 'SHOULDERS'),
       ('00000001-0000-0000-0000-000000000002', 'TRICEPS'),
       ('00000001-0000-0000-0000-000000000002', 'SHOULDERS'),
       ('00000001-0000-0000-0000-000000000003', 'TRICEPS'),
       ('00000001-0000-0000-0000-000000000003', 'SHOULDERS'),
       ('00000001-0000-0000-0000-000000000004', 'TRICEPS'),
       ('00000001-0000-0000-0000-000000000004', 'SHOULDERS'),
       ('00000001-0000-0000-0000-000000000005', 'TRICEPS'),
       ('00000001-0000-0000-0000-000000000005', 'SHOULDERS'),
       ('00000001-0000-0000-0000-000000000006', 'TRICEPS'),
       ('00000001-0000-0000-0000-000000000007', 'TRICEPS'),
       ('00000001-0000-0000-0000-000000000008', 'TRICEPS'),
       ('00000001-0000-0000-0000-000000000008', 'SHOULDERS'),
       ('00000001-0000-0000-0000-000000000009', 'TRICEPS'),
       ('00000001-0000-0000-0000-000000000009', 'SHOULDERS');

-- =====================
-- BACK (00000002)
-- =====================
-- CORRECTION: Deadlift movement_pattern kept as HINGE (correct).
--             Target and secondary muscles corrected (was: BACK only).
-- CORRECTION: Rowing Machine movement_pattern PULL → LOCOMOTION.
INSERT INTO exercise (id, name, movement_pattern, category, difficulty)
VALUES ('00000002-0000-0000-0000-000000000001', 'Deadlift', 'HINGE', 'STRENGTH', 'ADVANCED'),
       ('00000002-0000-0000-0000-000000000002', 'Barbell Row', 'PULL', 'STRENGTH', 'INTERMEDIATE'),
       ('00000002-0000-0000-0000-000000000003', 'Pendlay Row', 'PULL', 'STRENGTH', 'INTERMEDIATE'),
       ('00000002-0000-0000-0000-000000000004', 'Dumbbell Row', 'PULL', 'STRENGTH', 'BEGINNER'),
       ('00000002-0000-0000-0000-000000000005', 'Pull-Up', 'PULL', 'STRENGTH', 'INTERMEDIATE'),
       ('00000002-0000-0000-0000-000000000006', 'Chin-Up', 'PULL', 'STRENGTH', 'INTERMEDIATE'),
       ('00000002-0000-0000-0000-000000000007', 'Lat Pulldown', 'PULL', 'STRENGTH', 'BEGINNER'),
       ('00000002-0000-0000-0000-000000000008', 'Seated Cable Row', 'PULL', 'STRENGTH', 'BEGINNER'),
       ('00000002-0000-0000-0000-000000000009', 'T-Bar Row', 'PULL', 'STRENGTH', 'INTERMEDIATE'),
       ('00000002-0000-0000-0000-000000000010', 'Face Pull', 'PULL', 'STRENGTH', 'BEGINNER'),
       ('00000002-0000-0000-0000-000000000011', 'Straight-Arm Pulldown', 'PULL', 'STRENGTH', 'BEGINNER'),
       ('00000002-0000-0000-0000-000000000012', 'Hyperextension', 'HINGE', 'STRENGTH', 'BEGINNER'),
       ('00000002-0000-0000-0000-000000000013', 'Rowing Machine', 'LOCOMOTION', 'CARDIO', 'BEGINNER');

INSERT INTO exercise_target_muscle_groups (exercise_id, muscle_group)
VALUES ('00000002-0000-0000-0000-000000000001', 'LOWER_BACK'),
       ('00000002-0000-0000-0000-000000000001', 'GLUTES'),
       ('00000002-0000-0000-0000-000000000001', 'HAMSTRINGS'),
       ('00000002-0000-0000-0000-000000000001', 'QUADRICEPS'),
       ('00000002-0000-0000-0000-000000000002', 'BACK'),
       ('00000002-0000-0000-0000-000000000003', 'BACK'),
       ('00000002-0000-0000-0000-000000000004', 'BACK'),
       ('00000002-0000-0000-0000-000000000005', 'LATS'),
       ('00000002-0000-0000-0000-000000000006', 'LATS'),
       ('00000002-0000-0000-0000-000000000007', 'LATS'),
       ('00000002-0000-0000-0000-000000000008', 'BACK'),
       ('00000002-0000-0000-0000-000000000009', 'BACK'),
       ('00000002-0000-0000-0000-000000000010', 'TRAPS'),
       ('00000002-0000-0000-0000-000000000010', 'SHOULDERS'),
       ('00000002-0000-0000-0000-000000000011', 'LATS'),
       ('00000002-0000-0000-0000-000000000012', 'LOWER_BACK'),
       ('00000002-0000-0000-0000-000000000013', 'BACK');

INSERT INTO exercise_secondary_muscle_groups (exercise_id, muscle_group)
VALUES ('00000002-0000-0000-0000-000000000001', 'TRAPS'),
       ('00000002-0000-0000-0000-000000000001', 'BACK'),
       ('00000002-0000-0000-0000-000000000001', 'FOREARMS'),
       ('00000002-0000-0000-0000-000000000002', 'BICEPS'),
       ('00000002-0000-0000-0000-000000000003', 'BICEPS'),
       ('00000002-0000-0000-0000-000000000004', 'BICEPS'),
       ('00000002-0000-0000-0000-000000000005', 'BICEPS'),
       ('00000002-0000-0000-0000-000000000006', 'BICEPS'),
       ('00000002-0000-0000-0000-000000000007', 'BICEPS'),
       ('00000002-0000-0000-0000-000000000008', 'BICEPS'),
       ('00000002-0000-0000-0000-000000000009', 'BICEPS'),
       ('00000002-0000-0000-0000-000000000012', 'GLUTES');

-- =====================
-- SHOULDERS (00000003)
-- =====================
INSERT INTO exercise (id, name, movement_pattern, category, difficulty)
VALUES ('00000003-0000-0000-0000-000000000001', 'Barbell Overhead Press', 'PUSH', 'STRENGTH', 'INTERMEDIATE'),
       ('00000003-0000-0000-0000-000000000002', 'Dumbbell Overhead Press', 'PUSH', 'STRENGTH', 'BEGINNER'),
       ('00000003-0000-0000-0000-000000000003', 'Arnold Press', 'PUSH', 'STRENGTH', 'INTERMEDIATE'),
       ('00000003-0000-0000-0000-000000000004', 'Lateral Raise', 'PUSH', 'STRENGTH', 'BEGINNER'),
       ('00000003-0000-0000-0000-000000000005', 'Front Raise', 'PUSH', 'STRENGTH', 'BEGINNER'),
       ('00000003-0000-0000-0000-000000000006', 'Reverse Flye', 'PULL', 'STRENGTH', 'BEGINNER'),
       ('00000003-0000-0000-0000-000000000007', 'Upright Row', 'PULL', 'STRENGTH', 'BEGINNER'),
       ('00000003-0000-0000-0000-000000000008', 'Cable Lateral Raise', 'PUSH', 'STRENGTH', 'BEGINNER');

INSERT INTO exercise_target_muscle_groups (exercise_id, muscle_group)
VALUES ('00000003-0000-0000-0000-000000000001', 'SHOULDERS'),
       ('00000003-0000-0000-0000-000000000002', 'SHOULDERS'),
       ('00000003-0000-0000-0000-000000000003', 'SHOULDERS'),
       ('00000003-0000-0000-0000-000000000004', 'SHOULDERS'),
       ('00000003-0000-0000-0000-000000000005', 'SHOULDERS'),
       ('00000003-0000-0000-0000-000000000006', 'SHOULDERS'),
       ('00000003-0000-0000-0000-000000000007', 'SHOULDERS'),
       ('00000003-0000-0000-0000-000000000007', 'TRAPS'),
       ('00000003-0000-0000-0000-000000000008', 'SHOULDERS');

INSERT INTO exercise_secondary_muscle_groups (exercise_id, muscle_group)
VALUES ('00000003-0000-0000-0000-000000000001', 'TRICEPS'),
       ('00000003-0000-0000-0000-000000000002', 'TRICEPS'),
       ('00000003-0000-0000-0000-000000000003', 'TRICEPS'),
       ('00000003-0000-0000-0000-000000000006', 'TRAPS');

-- =====================
-- BICEPS (00000004)
-- =====================
INSERT INTO exercise (id, name, movement_pattern, category, difficulty)
VALUES ('00000004-0000-0000-0000-000000000001', 'Barbell Curl', 'PULL', 'STRENGTH', 'BEGINNER'),
       ('00000004-0000-0000-0000-000000000002', 'Dumbbell Curl', 'PULL', 'STRENGTH', 'BEGINNER'),
       ('00000004-0000-0000-0000-000000000003', 'Hammer Curl', 'PULL', 'STRENGTH', 'BEGINNER'),
       ('00000004-0000-0000-0000-000000000004', 'Incline Dumbbell Curl', 'PULL', 'STRENGTH', 'BEGINNER'),
       ('00000004-0000-0000-0000-000000000005', 'Preacher Curl', 'PULL', 'STRENGTH', 'BEGINNER'),
       ('00000004-0000-0000-0000-000000000006', 'Cable Curl', 'PULL', 'STRENGTH', 'BEGINNER'),
       ('00000004-0000-0000-0000-000000000007', 'Concentration Curl', 'PULL', 'STRENGTH', 'BEGINNER');

INSERT INTO exercise_target_muscle_groups (exercise_id, muscle_group)
VALUES ('00000004-0000-0000-0000-000000000001', 'BICEPS'),
       ('00000004-0000-0000-0000-000000000002', 'BICEPS'),
       ('00000004-0000-0000-0000-000000000003', 'BICEPS'),
       ('00000004-0000-0000-0000-000000000004', 'BICEPS'),
       ('00000004-0000-0000-0000-000000000005', 'BICEPS'),
       ('00000004-0000-0000-0000-000000000006', 'BICEPS'),
       ('00000004-0000-0000-0000-000000000007', 'BICEPS');

INSERT INTO exercise_secondary_muscle_groups (exercise_id, muscle_group)
VALUES ('00000004-0000-0000-0000-000000000001', 'FOREARMS'),
       ('00000004-0000-0000-0000-000000000002', 'FOREARMS'),
       ('00000004-0000-0000-0000-000000000003', 'FOREARMS');

-- =====================
-- TRICEPS (00000005)
-- =====================
INSERT INTO exercise (id, name, movement_pattern, category, difficulty)
VALUES ('00000005-0000-0000-0000-000000000001', 'Close-Grip Bench Press', 'PUSH', 'STRENGTH', 'INTERMEDIATE'),
       ('00000005-0000-0000-0000-000000000002', 'Triceps Pushdown', 'PUSH', 'STRENGTH', 'BEGINNER'),
       ('00000005-0000-0000-0000-000000000003', 'Overhead Triceps Extension', 'PUSH', 'STRENGTH', 'BEGINNER'),
       ('00000005-0000-0000-0000-000000000004', 'Skull Crusher', 'PUSH', 'STRENGTH', 'INTERMEDIATE'),
       ('00000005-0000-0000-0000-000000000005', 'Triceps Kickback', 'PUSH', 'STRENGTH', 'BEGINNER'),
       ('00000005-0000-0000-0000-000000000006', 'Diamond Push-Up', 'PUSH', 'STRENGTH', 'BEGINNER');

INSERT INTO exercise_target_muscle_groups (exercise_id, muscle_group)
VALUES ('00000005-0000-0000-0000-000000000001', 'TRICEPS'),
       ('00000005-0000-0000-0000-000000000002', 'TRICEPS'),
       ('00000005-0000-0000-0000-000000000003', 'TRICEPS'),
       ('00000005-0000-0000-0000-000000000004', 'TRICEPS'),
       ('00000005-0000-0000-0000-000000000005', 'TRICEPS'),
       ('00000005-0000-0000-0000-000000000006', 'TRICEPS');

INSERT INTO exercise_secondary_muscle_groups (exercise_id, muscle_group)
VALUES ('00000005-0000-0000-0000-000000000001', 'CHEST'),
       ('00000005-0000-0000-0000-000000000001', 'SHOULDERS');

-- =====================
-- QUADRICEPS (00000006)
-- =====================
-- ADDITION: Air Squat (000016)
INSERT INTO exercise (id, name, movement_pattern, category, difficulty)
VALUES ('00000006-0000-0000-0000-000000000001', 'Barbell Back Squat', 'SQUAT', 'STRENGTH', 'INTERMEDIATE'),
       ('00000006-0000-0000-0000-000000000002', 'Barbell Front Squat', 'SQUAT', 'STRENGTH', 'ADVANCED'),
       ('00000006-0000-0000-0000-000000000003', 'Goblet Squat', 'SQUAT', 'STRENGTH', 'BEGINNER'),
       ('00000006-0000-0000-0000-000000000004', 'Leg Press', 'SQUAT', 'STRENGTH', 'BEGINNER'),
       ('00000006-0000-0000-0000-000000000005', 'Leg Extension', 'SQUAT', 'STRENGTH', 'BEGINNER'),
       ('00000006-0000-0000-0000-000000000006', 'Bulgarian Split Squat', 'SQUAT', 'STRENGTH', 'INTERMEDIATE'),
       ('00000006-0000-0000-0000-000000000007', 'Lunge', 'SQUAT', 'STRENGTH', 'BEGINNER'),
       ('00000006-0000-0000-0000-000000000008', 'Walking Lunge', 'SQUAT', 'STRENGTH', 'BEGINNER'),
       ('00000006-0000-0000-0000-000000000009', 'Step-Up', 'SQUAT', 'STRENGTH', 'BEGINNER'),
       ('00000006-0000-0000-0000-000000000010', 'Hack Squat', 'SQUAT', 'STRENGTH', 'INTERMEDIATE'),
       ('00000006-0000-0000-0000-000000000011', 'Treadmill Run', 'LOCOMOTION', 'CARDIO', 'BEGINNER'),
       ('00000006-0000-0000-0000-000000000012', 'Stationary Bike', 'LOCOMOTION', 'CARDIO', 'BEGINNER'),
       ('00000006-0000-0000-0000-000000000013', 'Stair Climber', 'LOCOMOTION', 'CARDIO', 'BEGINNER'),
       ('00000006-0000-0000-0000-000000000014', 'Cycling', 'LOCOMOTION', 'CARDIO', 'BEGINNER'),
       ('00000006-0000-0000-0000-000000000015', 'Sprint Intervals', 'LOCOMOTION', 'CONDITIONING', 'INTERMEDIATE'),
       ('00000006-0000-0000-0000-000000000016', 'Air Squat', 'SQUAT', 'STRENGTH', 'BEGINNER');

INSERT INTO exercise_target_muscle_groups (exercise_id, muscle_group)
VALUES ('00000006-0000-0000-0000-000000000001', 'QUADRICEPS'),
       ('00000006-0000-0000-0000-000000000002', 'QUADRICEPS'),
       ('00000006-0000-0000-0000-000000000003', 'QUADRICEPS'),
       ('00000006-0000-0000-0000-000000000004', 'QUADRICEPS'),
       ('00000006-0000-0000-0000-000000000005', 'QUADRICEPS'),
       ('00000006-0000-0000-0000-000000000006', 'QUADRICEPS'),
       ('00000006-0000-0000-0000-000000000007', 'QUADRICEPS'),
       ('00000006-0000-0000-0000-000000000008', 'QUADRICEPS'),
       ('00000006-0000-0000-0000-000000000009', 'QUADRICEPS'),
       ('00000006-0000-0000-0000-000000000010', 'QUADRICEPS'),
       ('00000006-0000-0000-0000-000000000011', 'QUADRICEPS'),
       ('00000006-0000-0000-0000-000000000012', 'QUADRICEPS'),
       ('00000006-0000-0000-0000-000000000013', 'QUADRICEPS'),
       ('00000006-0000-0000-0000-000000000014', 'QUADRICEPS'),
       ('00000006-0000-0000-0000-000000000015', 'QUADRICEPS'),
       ('00000006-0000-0000-0000-000000000016', 'QUADRICEPS'),
       ('00000006-0000-0000-0000-000000000016', 'GLUTES');

INSERT INTO exercise_secondary_muscle_groups (exercise_id, muscle_group)
VALUES ('00000006-0000-0000-0000-000000000001', 'GLUTES'),
       ('00000006-0000-0000-0000-000000000001', 'HAMSTRINGS'),
       ('00000006-0000-0000-0000-000000000002', 'GLUTES'),
       ('00000006-0000-0000-0000-000000000002', 'HAMSTRINGS'),
       ('00000006-0000-0000-0000-000000000003', 'GLUTES'),
       ('00000006-0000-0000-0000-000000000006', 'GLUTES'),
       ('00000006-0000-0000-0000-000000000007', 'GLUTES'),
       ('00000006-0000-0000-0000-000000000008', 'GLUTES'),
       ('00000006-0000-0000-0000-000000000009', 'GLUTES'),
       ('00000006-0000-0000-0000-000000000015', 'HAMSTRINGS'),
       ('00000006-0000-0000-0000-000000000015', 'CALVES'),
       ('00000006-0000-0000-0000-000000000016', 'HAMSTRINGS'),
       ('00000006-0000-0000-0000-000000000016', 'CALVES');

-- =====================
-- HAMSTRINGS (00000007)
-- =====================
INSERT INTO exercise (id, name, movement_pattern, category, difficulty)
VALUES ('00000007-0000-0000-0000-000000000001', 'Romanian Deadlift', 'HINGE', 'STRENGTH', 'INTERMEDIATE'),
       ('00000007-0000-0000-0000-000000000002', 'Stiff-Leg Deadlift', 'HINGE', 'STRENGTH', 'INTERMEDIATE'),
       ('00000007-0000-0000-0000-000000000003', 'Leg Curl', 'HINGE', 'STRENGTH', 'BEGINNER'),
       ('00000007-0000-0000-0000-000000000004', 'Seated Leg Curl', 'HINGE', 'STRENGTH', 'BEGINNER'),
       ('00000007-0000-0000-0000-000000000005', 'Nordic Hamstring Curl', 'HINGE', 'STRENGTH', 'ADVANCED'),
       ('00000007-0000-0000-0000-000000000006', 'Good Morning', 'HINGE', 'STRENGTH', 'INTERMEDIATE'),
       ('00000007-0000-0000-0000-000000000007', 'Incline Treadmill Walk', 'LOCOMOTION', 'CARDIO', 'BEGINNER');

INSERT INTO exercise_target_muscle_groups (exercise_id, muscle_group)
VALUES ('00000007-0000-0000-0000-000000000001', 'HAMSTRINGS'),
       ('00000007-0000-0000-0000-000000000002', 'HAMSTRINGS'),
       ('00000007-0000-0000-0000-000000000003', 'HAMSTRINGS'),
       ('00000007-0000-0000-0000-000000000004', 'HAMSTRINGS'),
       ('00000007-0000-0000-0000-000000000005', 'HAMSTRINGS'),
       ('00000007-0000-0000-0000-000000000006', 'HAMSTRINGS'),
       ('00000007-0000-0000-0000-000000000007', 'HAMSTRINGS');

INSERT INTO exercise_secondary_muscle_groups (exercise_id, muscle_group)
VALUES ('00000007-0000-0000-0000-000000000001', 'GLUTES'),
       ('00000007-0000-0000-0000-000000000002', 'GLUTES'),
       ('00000007-0000-0000-0000-000000000006', 'LOWER_BACK'),
       ('00000007-0000-0000-0000-000000000007', 'CALVES'),
       ('00000007-0000-0000-0000-000000000007', 'GLUTES');

-- =====================
-- GLUTES (00000008)
-- =====================
INSERT INTO exercise (id, name, movement_pattern, category, difficulty)
VALUES ('00000008-0000-0000-0000-000000000001', 'Hip Thrust', 'HINGE', 'STRENGTH', 'BEGINNER'),
       ('00000008-0000-0000-0000-000000000002', 'Barbell Glute Bridge', 'HINGE', 'STRENGTH', 'BEGINNER'),
       ('00000008-0000-0000-0000-000000000003', 'Cable Kickback', 'HINGE', 'STRENGTH', 'BEGINNER'),
       ('00000008-0000-0000-0000-000000000004', 'Sumo Deadlift', 'HINGE', 'STRENGTH', 'INTERMEDIATE'),
       ('00000008-0000-0000-0000-000000000005', 'Sumo Squat', 'SQUAT', 'STRENGTH', 'BEGINNER'),
       ('00000008-0000-0000-0000-000000000006', 'StairMaster', 'LOCOMOTION', 'CARDIO', 'BEGINNER');

INSERT INTO exercise_target_muscle_groups (exercise_id, muscle_group)
VALUES ('00000008-0000-0000-0000-000000000001', 'GLUTES'),
       ('00000008-0000-0000-0000-000000000002', 'GLUTES'),
       ('00000008-0000-0000-0000-000000000003', 'GLUTES'),
       ('00000008-0000-0000-0000-000000000004', 'GLUTES'),
       ('00000008-0000-0000-0000-000000000005', 'GLUTES'),
       ('00000008-0000-0000-0000-000000000006', 'GLUTES');

INSERT INTO exercise_secondary_muscle_groups (exercise_id, muscle_group)
VALUES ('00000008-0000-0000-0000-000000000001', 'HAMSTRINGS'),
       ('00000008-0000-0000-0000-000000000002', 'HAMSTRINGS'),
       ('00000008-0000-0000-0000-000000000004', 'HAMSTRINGS'),
       ('00000008-0000-0000-0000-000000000004', 'ADDUCTORS'),
       ('00000008-0000-0000-0000-000000000005', 'ADDUCTORS'),
       ('00000008-0000-0000-0000-000000000005', 'HAMSTRINGS');

-- =====================
-- CALVES (00000009)
-- =====================
INSERT INTO exercise (id, name, movement_pattern, category, difficulty)
VALUES ('00000009-0000-0000-0000-000000000001', 'Standing Calf Raise', 'SQUAT', 'STRENGTH', 'BEGINNER'),
       ('00000009-0000-0000-0000-000000000002', 'Seated Calf Raise', 'SQUAT', 'STRENGTH', 'BEGINNER'),
       ('00000009-0000-0000-0000-000000000003', 'Leg Press Calf Raise', 'SQUAT', 'STRENGTH', 'BEGINNER');

INSERT INTO exercise_target_muscle_groups (exercise_id, muscle_group)
VALUES ('00000009-0000-0000-0000-000000000001', 'CALVES'),
       ('00000009-0000-0000-0000-000000000002', 'CALVES'),
       ('00000009-0000-0000-0000-000000000003', 'CALVES');

-- =====================
-- CORE (00000010)
-- =====================
INSERT INTO exercise (id, name, movement_pattern, category, difficulty)
VALUES ('00000010-0000-0000-0000-000000000001', 'Plank', 'ISOMETRIC', 'STRENGTH', 'BEGINNER'),
       ('00000010-0000-0000-0000-000000000002', 'Side Plank', 'ISOMETRIC', 'STRENGTH', 'BEGINNER'),
       ('00000010-0000-0000-0000-000000000003', 'Crunch', 'ROTATION', 'STRENGTH', 'BEGINNER'),
       ('00000010-0000-0000-0000-000000000004', 'Cable Crunch', 'ROTATION', 'STRENGTH', 'BEGINNER'),
       ('00000010-0000-0000-0000-000000000005', 'Hanging Leg Raise', 'ROTATION', 'STRENGTH', 'INTERMEDIATE'),
       ('00000010-0000-0000-0000-000000000006', 'Ab Wheel Rollout', 'ROTATION', 'STRENGTH', 'INTERMEDIATE'),
       ('00000010-0000-0000-0000-000000000007', 'Russian Twist', 'ROTATION', 'STRENGTH', 'BEGINNER'),
       ('00000010-0000-0000-0000-000000000008', 'Dead Bug', 'ISOMETRIC', 'STRENGTH', 'BEGINNER'),
       ('00000010-0000-0000-0000-000000000009', 'Pallof Press', 'ISOMETRIC', 'STRENGTH', 'INTERMEDIATE'),
       ('00000010-0000-0000-0000-000000000010', 'Dragon Flag', 'ROTATION', 'STRENGTH', 'ADVANCED'),
       ('00000010-0000-0000-0000-000000000011', 'Mountain Climbers', 'LOCOMOTION', 'CONDITIONING', 'BEGINNER'),
       ('00000010-0000-0000-0000-000000000012', 'High Knees', 'LOCOMOTION', 'CONDITIONING', 'BEGINNER');

INSERT INTO exercise_target_muscle_groups (exercise_id, muscle_group)
VALUES ('00000010-0000-0000-0000-000000000001', 'ABS'),
       ('00000010-0000-0000-0000-000000000002', 'OBLIQUES'),
       ('00000010-0000-0000-0000-000000000003', 'ABS'),
       ('00000010-0000-0000-0000-000000000004', 'ABS'),
       ('00000010-0000-0000-0000-000000000005', 'ABS'),
       ('00000010-0000-0000-0000-000000000006', 'ABS'),
       ('00000010-0000-0000-0000-000000000007', 'OBLIQUES'),
       ('00000010-0000-0000-0000-000000000008', 'ABS'),
       ('00000010-0000-0000-0000-000000000009', 'ABS'),
       ('00000010-0000-0000-0000-000000000010', 'ABS'),
       ('00000010-0000-0000-0000-000000000011', 'ABS'),
       ('00000010-0000-0000-0000-000000000012', 'ABS');

INSERT INTO exercise_secondary_muscle_groups (exercise_id, muscle_group)
VALUES ('00000010-0000-0000-0000-000000000001', 'LOWER_BACK'),
       ('00000010-0000-0000-0000-000000000002', 'LOWER_BACK'),
       ('00000010-0000-0000-0000-000000000003', 'OBLIQUES'),
       ('00000010-0000-0000-0000-000000000007', 'ABS'),
       ('00000010-0000-0000-0000-000000000009', 'OBLIQUES'),
       ('00000010-0000-0000-0000-000000000011', 'QUADRICEPS'),
       ('00000010-0000-0000-0000-000000000012', 'QUADRICEPS');

-- =============================================
-- FULL BODY / BALLISTIC / CARRY (00000011)
-- =============================================
-- CORRECTION: Burpee movement_pattern LOCOMOTION → BALLISTIC
-- ADDITIONS: Wall Ball (000019), Rope Climb (000020)
INSERT INTO exercise (id, name, movement_pattern, category, difficulty)
VALUES ('00000011-0000-0000-0000-000000000001', 'Power Clean', 'BALLISTIC', 'POWER', 'ADVANCED'),
       ('00000011-0000-0000-0000-000000000002', 'Clean and Jerk', 'BALLISTIC', 'POWER', 'ADVANCED'),
       ('00000011-0000-0000-0000-000000000003', 'Snatch', 'BALLISTIC', 'POWER', 'ADVANCED'),
       ('00000011-0000-0000-0000-000000000004', 'Kettlebell Swing', 'HINGE', 'POWER', 'INTERMEDIATE'),
       ('00000011-0000-0000-0000-000000000005', 'Kettlebell Clean and Press', 'BALLISTIC', 'STRENGTH', 'INTERMEDIATE'),
       ('00000011-0000-0000-0000-000000000006', 'Farmer Carry', 'CARRY', 'STRENGTH', 'BEGINNER'),
       ('00000011-0000-0000-0000-000000000007', 'Sled Push', 'LOCOMOTION', 'CONDITIONING', 'INTERMEDIATE'),
       ('00000011-0000-0000-0000-000000000008', 'Sled Pull', 'LOCOMOTION', 'CONDITIONING', 'INTERMEDIATE'),
       ('00000011-0000-0000-0000-000000000009', 'Thruster', 'SQUAT', 'CONDITIONING', 'INTERMEDIATE'),
       ('00000011-0000-0000-0000-000000000010', 'Turkish Get-Up', 'ROTATION', 'SKILL', 'ADVANCED'),
       ('00000011-0000-0000-0000-000000000011', 'Jump Rope', 'LOCOMOTION', 'CARDIO', 'BEGINNER'),
       ('00000011-0000-0000-0000-000000000012', 'Assault Bike', 'LOCOMOTION', 'CARDIO', 'BEGINNER'),
       ('00000011-0000-0000-0000-000000000013', 'Ski Erg', 'PULL', 'CARDIO', 'BEGINNER'),
       ('00000011-0000-0000-0000-000000000014', 'Elliptical', 'LOCOMOTION', 'CARDIO', 'BEGINNER'),
       ('00000011-0000-0000-0000-000000000015', 'Burpee', 'BALLISTIC', 'CONDITIONING', 'INTERMEDIATE'),
       ('00000011-0000-0000-0000-000000000016', 'Box Jump', 'BALLISTIC', 'POWER', 'INTERMEDIATE'),
       ('00000011-0000-0000-0000-000000000017', 'Battle Rope Waves', 'ROTATION', 'CONDITIONING', 'BEGINNER'),
       ('00000011-0000-0000-0000-000000000018', 'Medicine Ball Slam', 'BALLISTIC', 'POWER', 'BEGINNER'),
       ('00000011-0000-0000-0000-000000000019', 'Wall Ball', 'BALLISTIC', 'POWER', 'INTERMEDIATE'),
       ('00000011-0000-0000-0000-000000000020', 'Rope Climb', 'PULL', 'SKILL', 'ADVANCED');

INSERT INTO exercise_target_muscle_groups (exercise_id, muscle_group)
VALUES ('00000011-0000-0000-0000-000000000001', 'BACK'),
       ('00000011-0000-0000-0000-000000000001', 'QUADRICEPS'),
       ('00000011-0000-0000-0000-000000000002', 'BACK'),
       ('00000011-0000-0000-0000-000000000002', 'QUADRICEPS'),
       ('00000011-0000-0000-0000-000000000003', 'BACK'),
       ('00000011-0000-0000-0000-000000000003', 'QUADRICEPS'),
       ('00000011-0000-0000-0000-000000000004', 'GLUTES'),
       ('00000011-0000-0000-0000-000000000004', 'HAMSTRINGS'),
       ('00000011-0000-0000-0000-000000000005', 'SHOULDERS'),
       ('00000011-0000-0000-0000-000000000005', 'QUADRICEPS'),
       ('00000011-0000-0000-0000-000000000006', 'FOREARMS'),
       ('00000011-0000-0000-0000-000000000006', 'TRAPS'),
       ('00000011-0000-0000-0000-000000000007', 'QUADRICEPS'),
       ('00000011-0000-0000-0000-000000000007', 'GLUTES'),
       ('00000011-0000-0000-0000-000000000008', 'BACK'),
       ('00000011-0000-0000-0000-000000000008', 'HAMSTRINGS'),
       ('00000011-0000-0000-0000-000000000009', 'QUADRICEPS'),
       ('00000011-0000-0000-0000-000000000009', 'SHOULDERS'),
       ('00000011-0000-0000-0000-000000000010', 'SHOULDERS'),
       ('00000011-0000-0000-0000-000000000010', 'GLUTES'),
       ('00000011-0000-0000-0000-000000000011', 'CALVES'),
       ('00000011-0000-0000-0000-000000000012', 'QUADRICEPS'),
       ('00000011-0000-0000-0000-000000000013', 'BACK'),
       ('00000011-0000-0000-0000-000000000014', 'QUADRICEPS'),
       ('00000011-0000-0000-0000-000000000015', 'QUADRICEPS'),
       ('00000011-0000-0000-0000-000000000015', 'CHEST'),
       ('00000011-0000-0000-0000-000000000016', 'QUADRICEPS'),
       ('00000011-0000-0000-0000-000000000016', 'GLUTES'),
       ('00000011-0000-0000-0000-000000000017', 'SHOULDERS'),
       ('00000011-0000-0000-0000-000000000018', 'ABS'),
       ('00000011-0000-0000-0000-000000000018', 'BACK'),
       ('00000011-0000-0000-0000-000000000019', 'QUADRICEPS'),
       ('00000011-0000-0000-0000-000000000019', 'SHOULDERS'),
       ('00000011-0000-0000-0000-000000000019', 'TRICEPS'),
       ('00000011-0000-0000-0000-000000000020', 'LATS'),
       ('00000011-0000-0000-0000-000000000020', 'BICEPS'),
       ('00000011-0000-0000-0000-000000000020', 'FOREARMS');

INSERT INTO exercise_secondary_muscle_groups (exercise_id, muscle_group)
VALUES ('00000011-0000-0000-0000-000000000001', 'GLUTES'),
       ('00000011-0000-0000-0000-000000000001', 'HAMSTRINGS'),
       ('00000011-0000-0000-0000-000000000002', 'GLUTES'),
       ('00000011-0000-0000-0000-000000000002', 'HAMSTRINGS'),
       ('00000011-0000-0000-0000-000000000003', 'GLUTES'),
       ('00000011-0000-0000-0000-000000000003', 'HAMSTRINGS'),
       ('00000011-0000-0000-0000-000000000004', 'LOWER_BACK'),
       ('00000011-0000-0000-0000-000000000006', 'BACK'),
       ('00000011-0000-0000-0000-000000000009', 'TRICEPS'),
       ('00000011-0000-0000-0000-000000000015', 'ABS'),
       ('00000011-0000-0000-0000-000000000017', 'BACK'),
       ('00000011-0000-0000-0000-000000000019', 'GLUTES'),
       ('00000011-0000-0000-0000-000000000019', 'CHEST'),
       ('00000011-0000-0000-0000-000000000020', 'BACK'),
       ('00000011-0000-0000-0000-000000000020', 'ABS');

-- =====================
-- FOREARMS (00000012)
-- =====================
INSERT INTO exercise (id, name, movement_pattern, category, difficulty)
VALUES ('00000012-0000-0000-0000-000000000001', 'Wrist Curl', 'PULL', 'STRENGTH', 'BEGINNER'),
       ('00000012-0000-0000-0000-000000000002', 'Reverse Wrist Curl', 'PULL', 'STRENGTH', 'BEGINNER'),
       ('00000012-0000-0000-0000-000000000003', 'Reverse Curl', 'PULL', 'STRENGTH', 'BEGINNER'),
       ('00000012-0000-0000-0000-000000000004', 'Dead Hang', 'PULL', 'STRENGTH', 'BEGINNER');

INSERT INTO exercise_target_muscle_groups (exercise_id, muscle_group)
VALUES ('00000012-0000-0000-0000-000000000001', 'FOREARMS'),
       ('00000012-0000-0000-0000-000000000002', 'FOREARMS'),
       ('00000012-0000-0000-0000-000000000003', 'FOREARMS'),
       ('00000012-0000-0000-0000-000000000004', 'FOREARMS');

-- =====================
-- TRAPS (00000013) - NEW
-- =====================
INSERT INTO exercise (id, name, movement_pattern, category, difficulty)
VALUES ('00000013-0000-0000-0000-000000000001', 'Barbell Shrug', 'PULL', 'STRENGTH', 'BEGINNER'),
       ('00000013-0000-0000-0000-000000000002', 'Dumbbell Shrug', 'PULL', 'STRENGTH', 'BEGINNER'),
       ('00000013-0000-0000-0000-000000000003', 'Cable Shrug', 'PULL', 'STRENGTH', 'BEGINNER'),
       ('00000013-0000-0000-0000-000000000004', 'Power Shrug', 'BALLISTIC', 'POWER', 'INTERMEDIATE');

INSERT INTO exercise_target_muscle_groups (exercise_id, muscle_group)
VALUES ('00000013-0000-0000-0000-000000000001', 'TRAPS'),
       ('00000013-0000-0000-0000-000000000002', 'TRAPS'),
       ('00000013-0000-0000-0000-000000000003', 'TRAPS'),
       ('00000013-0000-0000-0000-000000000004', 'TRAPS');

INSERT INTO exercise_secondary_muscle_groups (exercise_id, muscle_group)
VALUES ('00000013-0000-0000-0000-000000000001', 'FOREARMS'),
       ('00000013-0000-0000-0000-000000000002', 'FOREARMS'),
       ('00000013-0000-0000-0000-000000000004', 'LOWER_BACK'),
       ('00000013-0000-0000-0000-000000000004', 'GLUTES');

-- =====================
-- ADDUCTORS (00000014) - NEW
-- =====================
-- NOTE: Hip adduction exercises don't map cleanly to existing MovementPattern values.
--       PULL is used as closest approximation for machine/cable isolation.
INSERT INTO exercise (id, name, movement_pattern, category, difficulty)
VALUES ('00000014-0000-0000-0000-000000000001', 'Adductor Machine', 'PULL', 'STRENGTH', 'BEGINNER'),
       ('00000014-0000-0000-0000-000000000002', 'Cable Hip Adduction', 'PULL', 'STRENGTH', 'BEGINNER'),
       ('00000014-0000-0000-0000-000000000003', 'Lateral Lunge', 'SQUAT', 'STRENGTH', 'BEGINNER'),
       ('00000014-0000-0000-0000-000000000004', 'Copenhagen Plank', 'ISOMETRIC', 'STRENGTH', 'INTERMEDIATE');

INSERT INTO exercise_target_muscle_groups (exercise_id, muscle_group)
VALUES ('00000014-0000-0000-0000-000000000001', 'ADDUCTORS'),
       ('00000014-0000-0000-0000-000000000002', 'ADDUCTORS'),
       ('00000014-0000-0000-0000-000000000003', 'ADDUCTORS'),
       ('00000014-0000-0000-0000-000000000003', 'QUADRICEPS'),
       ('00000014-0000-0000-0000-000000000004', 'ADDUCTORS');

INSERT INTO exercise_secondary_muscle_groups (exercise_id, muscle_group)
VALUES ('00000014-0000-0000-0000-000000000003', 'GLUTES'),
       ('00000014-0000-0000-0000-000000000004', 'ABS'),
       ('00000014-0000-0000-0000-000000000004', 'OBLIQUES');

-- =====================
-- MOBILITY (00000015) - NEW
-- =====================
-- Convention: target = primary muscle/area being stretched or mobilised.
--             Static holds → ISOMETRIC. Dynamic → ROTATION or LOCOMOTION.
INSERT INTO exercise (id, name, movement_pattern, category, difficulty)
VALUES ('00000015-0000-0000-0000-000000000001', 'Hip Flexor Stretch', 'ISOMETRIC', 'MOBILITY', 'BEGINNER'),
       ('00000015-0000-0000-0000-000000000002', 'Standing Hamstring Stretch', 'ISOMETRIC', 'MOBILITY', 'BEGINNER'),
       ('00000015-0000-0000-0000-000000000003', 'Standing Quad Stretch', 'ISOMETRIC', 'MOBILITY', 'BEGINNER'),
       ('00000015-0000-0000-0000-000000000004', 'Standing Calf Stretch', 'ISOMETRIC', 'MOBILITY', 'BEGINNER'),
       ('00000015-0000-0000-0000-000000000005', 'Doorway Chest Stretch', 'ISOMETRIC', 'MOBILITY', 'BEGINNER'),
       ('00000015-0000-0000-0000-000000000006', 'Lat Overhead Stretch', 'ISOMETRIC', 'MOBILITY', 'BEGINNER'),
       ('00000015-0000-0000-0000-000000000007', 'Cross-Body Shoulder Stretch', 'ISOMETRIC', 'MOBILITY', 'BEGINNER'),
       ('00000015-0000-0000-0000-000000000008', 'Triceps Overhead Stretch', 'ISOMETRIC', 'MOBILITY', 'BEGINNER'),
       ('00000015-0000-0000-0000-000000000009', 'Figure-4 Glute Stretch', 'ISOMETRIC', 'MOBILITY', 'BEGINNER'),
       ('00000015-0000-0000-0000-000000000010', 'Pigeon Pose', 'ISOMETRIC', 'MOBILITY', 'INTERMEDIATE'),
       ('00000015-0000-0000-0000-000000000011', 'Child''s Pose', 'ISOMETRIC', 'MOBILITY', 'BEGINNER'),
       ('00000015-0000-0000-0000-000000000012', 'Cobra Stretch', 'ISOMETRIC', 'MOBILITY', 'BEGINNER'),
       ('00000015-0000-0000-0000-000000000013', 'Downward Dog', 'ISOMETRIC', 'MOBILITY', 'BEGINNER'),
       ('00000015-0000-0000-0000-000000000014', 'Cat-Cow', 'ROTATION', 'MOBILITY', 'BEGINNER'),
       ('00000015-0000-0000-0000-000000000015', 'Thoracic Rotation', 'ROTATION', 'MOBILITY', 'BEGINNER'),
       ('00000015-0000-0000-0000-000000000016', 'Hip Circles', 'ROTATION', 'MOBILITY', 'BEGINNER'),
       ('00000015-0000-0000-0000-000000000017', 'Leg Swings', 'LOCOMOTION', 'MOBILITY', 'BEGINNER'),
       ('00000015-0000-0000-0000-000000000018', 'Arm Circles', 'ROTATION', 'MOBILITY', 'BEGINNER'),
       ('00000015-0000-0000-0000-000000000019', 'Inchworm', 'LOCOMOTION', 'MOBILITY', 'BEGINNER'),
       ('00000015-0000-0000-0000-000000000020', 'World''s Greatest Stretch', 'ROTATION', 'MOBILITY', 'INTERMEDIATE');

INSERT INTO exercise_target_muscle_groups (exercise_id, muscle_group)
VALUES ('00000015-0000-0000-0000-000000000001', 'QUADRICEPS'),
       ('00000015-0000-0000-0000-000000000002', 'HAMSTRINGS'),
       ('00000015-0000-0000-0000-000000000003', 'QUADRICEPS'),
       ('00000015-0000-0000-0000-000000000004', 'CALVES'),
       ('00000015-0000-0000-0000-000000000005', 'CHEST'),
       ('00000015-0000-0000-0000-000000000006', 'LATS'),
       ('00000015-0000-0000-0000-000000000007', 'SHOULDERS'),
       ('00000015-0000-0000-0000-000000000008', 'TRICEPS'),
       ('00000015-0000-0000-0000-000000000009', 'GLUTES'),
       ('00000015-0000-0000-0000-000000000010', 'GLUTES'),
       ('00000015-0000-0000-0000-000000000010', 'ADDUCTORS'),
       ('00000015-0000-0000-0000-000000000011', 'LOWER_BACK'),
       ('00000015-0000-0000-0000-000000000011', 'LATS'),
       ('00000015-0000-0000-0000-000000000012', 'ABS'),
       ('00000015-0000-0000-0000-000000000013', 'HAMSTRINGS'),
       ('00000015-0000-0000-0000-000000000013', 'CALVES'),
       ('00000015-0000-0000-0000-000000000013', 'LATS'),
       ('00000015-0000-0000-0000-000000000014', 'LOWER_BACK'),
       ('00000015-0000-0000-0000-000000000015', 'BACK'),
       ('00000015-0000-0000-0000-000000000015', 'OBLIQUES'),
       ('00000015-0000-0000-0000-000000000016', 'GLUTES'),
       ('00000015-0000-0000-0000-000000000016', 'ADDUCTORS'),
       ('00000015-0000-0000-0000-000000000017', 'HAMSTRINGS'),
       ('00000015-0000-0000-0000-000000000017', 'GLUTES'),
       ('00000015-0000-0000-0000-000000000018', 'SHOULDERS'),
       ('00000015-0000-0000-0000-000000000019', 'HAMSTRINGS'),
       ('00000015-0000-0000-0000-000000000020', 'GLUTES'),
       ('00000015-0000-0000-0000-000000000020', 'ADDUCTORS'),
       ('00000015-0000-0000-0000-000000000020', 'LOWER_BACK');

INSERT INTO exercise_secondary_muscle_groups (exercise_id, muscle_group)
VALUES ('00000015-0000-0000-0000-000000000001', 'ADDUCTORS'),
       ('00000015-0000-0000-0000-000000000002', 'LOWER_BACK'),
       ('00000015-0000-0000-0000-000000000005', 'SHOULDERS'),
       ('00000015-0000-0000-0000-000000000006', 'BACK'),
       ('00000015-0000-0000-0000-000000000009', 'LOWER_BACK'),
       ('00000015-0000-0000-0000-000000000012', 'LOWER_BACK'),
       ('00000015-0000-0000-0000-000000000013', 'SHOULDERS'),
       ('00000015-0000-0000-0000-000000000014', 'ABS'),
       ('00000015-0000-0000-0000-000000000019', 'ABS'),
       ('00000015-0000-0000-0000-000000000019', 'SHOULDERS'),
       ('00000015-0000-0000-0000-000000000019', 'CALVES'),
       ('00000015-0000-0000-0000-000000000020', 'CHEST'),
       ('00000015-0000-0000-0000-000000000020', 'SHOULDERS');